{"epochs": [2, 102, 202, 302, 402, 502, 602, 702, 802, 902, 1002, 1102, 1202, 1302, 1402, 1502, 1602, 1702, 1802, 1902, 2002, 2102, 2202, 2302, 2402, 2502, 2602, 2702, 2802, 2902, 3002, 3102, 3202, 3302, 3402, 3502, 3602, 3702, 3802, 3902, 4002, 4102, 4202, 4302, 4402, 4502, 4602, 4702, 4802, 4902, 5000], "best_correlations": [0.40033594672380873, 0.4525657655353105, 0.7830735265631277, 0.8073453331873263, 0.8306741988330965, 0.7893699962224779, 0.7505339306019214, 0.7332689034345556, 0.6911620997709579, 0.7117509936179893, 0.6598532057216545, 0.6883597583913372, 0.6830950631667675, 0.6854807284323172, 0.6778136907909557, 0.7190647710375545, 0.7424044090699858, 0.7107100719835845, 0.6972454471127575, 0.7548443482944022, 0.7428830402623722, 0.7864977398418324, 0.7319442806327456, 0.7608349352771099, 0.794559497759453, 0.8027763312513272, 0.8099315603398382, 0.8184947322811894, 0.8107158662225846, 0.8051698007023576, 0.8002884655076811, 0.8298758804507279, 0.8322267671997502, 0.8026171710272014, 0.8370283580170054, 0.7787032254055779, 0.8317959402416527, 0.8470704796609504, 0.8441134132025843, 0.8218928818812872, 0.8751810719133202, 0.9551164252936231, 0.9641917018037551, 0.9427495301968457, 0.9457293276363882, 0.9201595402058409, 0.9180349265026986, 0.9187004290002141, 0.9196552164183205, 0.9183182399855663, 0.9127993710512434], "angle_correlations": [0.3940607447087266, 0.15966923438546793, 0.1525325746860884, 0.14570369282083673, 0.1570850399540748, 0.1554601860188295, 0.14201961180802533, 0.13100310269341006, 0.20959628599688204, 0.1379986985568245, 0.14149605772113952, 0.256059531947563, 0.18435113165898753, 0.19275290420550814, 0.17930304093258934, 0.16342199247266695, 0.14097937790554693, 0.14899953279068792, 0.21216938018137377, 0.10872711753924967, 0.13960838065262896, 0.22075545460325036, 0.10760220204262864, 0.14645484150544696, 0.21836572585493738, 0.18334563782139152, 0.19326610443868655, 0.18829997092310033, 0.1995709209495145, 0.1546712708891119, 0.12856623732577852, 0.19724345599208737, 0.11412393450255814, 0.19721911436802586, 0.1989326231031169, 0.21021549163694528, 0.2411362428105466, 0.10958651123547582, 0.14063171390933182, 0.1427657449725975, 0.09677495243651427, 0.16161443622674795, 0.11898017512530272, 0.1729589625556379, 0.1386019892722756, 0.1496006273035484, 0.11324061605351461, 0.1659313976941781, 0.2260389404163134, 0.17622134508390505, 0.17298585219640963], "spectrum_concentrations": [0.03503722697496414, 0.05022589862346649, 0.25071531534194946, 0.2711701989173889, 0.27818918228149414, 0.2791721820831299, 0.2762738764286041, 0.27249518036842346, 0.2632904350757599, 0.2668529152870178, 0.25632330775260925, 0.2568206787109375, 0.2627871036529541, 0.2646332085132599, 0.26629742980003357, 0.26711249351501465, 0.2653392553329468, 0.25814446806907654, 0.26596084237098694, 0.263020783662796, 0.26177889108657837, 0.2720493972301483, 0.2653758227825165, 0.2681105136871338, 0.25649818778038025, 0.25128522515296936, 0.2614593207836151, 0.26061952114105225, 0.24987293779850006, 0.2589391767978668, 0.25943756103515625, 0.24915912747383118, 0.25872230529785156, 0.25207802653312683, 0.2554645836353302, 0.2580350935459137, 0.25733381509780884, 0.2507096529006958, 0.2593218684196472, 0.2612016797065735, 0.24323496222496033, 0.24311593174934387, 0.2298487424850464, 0.2363048493862152, 0.2340010702610016, 0.24672453105449677, 0.2552972435951233, 0.23621419072151184, 0.24243946373462677, 0.24221861362457275, 0.24195167422294617], "circularities": [0.5257302522659302, 0.41882699728012085, 0.4442331790924072, 0.4865187406539917, 0.4952104687690735, 0.5275391340255737, 0.5684852600097656, 0.5212149620056152, 0.5468330383300781, 0.5476040840148926, 0.5292806625366211, 0.5340735912322998, 0.5335527658462524, 0.5258973240852356, 0.5512987375259399, 0.5378906726837158, 0.5335443019866943, 0.4873974323272705, 0.5072544813156128, 0.5171853303909302, 0.5179160833358765, 0.5044139623641968, 0.4953418970108032, 0.4979379177093506, 0.5100226402282715, 0.5176858901977539, 0.5059143900871277, 0.5309597849845886, 0.5191576480865479, 0.5181434154510498, 0.520723283290863, 0.5349085330963135, 0.5215038061141968, 0.520865797996521, 0.5244903564453125, 0.5291213989257812, 0.5293850898742676, 0.524219810962677, 0.3851448893547058, 0.39753735065460205, 0.5130645632743835, 0.38120782375335693, 0.5389834046363831, 0.48871755599975586, 0.49405813217163086, 0.5150747895240784, 0.5068788528442383, 0.5351343154907227, 0.50644850730896, 0.5410658121109009, 0.4781951308250427]}