{
  "fixed_dims": [
    109,
    111,
    94,
    19,
    115,
    21,
    1,
    72,
    6,
    0
  ],
  "best_pair": {
    "k": 12,
    "cos_dim": 0,
    "sin_dim": 109,
    "total_corr": 0.16560776087463716
  },
  "proj_x_range": [
    -2.3191812014579773,
    2.1676021790504456
  ],
  "proj_y_range": [
    -2.139140341281891,
    2.1831797099113466
  ],
  "pooled_ranges": [
    [
      -2.253367314338684,
      2.2851964330673216
    ],
    [
      -2.743390998840332,
      2.477115592956543
    ],
    [
      -2.2579000568389893,
      2.2420619106292725
    ],
    [
      -2.39837913274765,
      2.335796043872833
    ],
    [
      -2.1057904815673827,
      2.14060245513916
    ],
    [
      -2.447565350532532,
      2.5261988973617555
    ],
    [
      -2.6161272621154783,
      2.730613956451416
    ]
  ],
  "sampled_epochs": [
    2,
    168,
    334,
    500,
    666,
    832,
    998,
    1164,
    1330,
    1496,
    1662,
    1828,
    1994,
    2160,
    2326,
    2492,
    2658,
    2824,
    2990,
    3156,
    3322,
    3488,
    3654,
    3820,
    3986,
    4152,
    4318,
    4484,
    4650,
    4816,
    4982,
    5000
  ]
}